S,P,O,T_c,U_c,T_d,U_d
wds:P36-2e0bece7-4b18-609a-f9dc-cd3f480e3cfc,pq:P2308,wd:Q6256,2017-07-05T15:49:09Z,Dhx1,2017-07-13T04:56:52Z,KrBot
wds:P36-2e0bece7-4b18-609a-f9dc-cd3f480e3cfc,pq:P2309,wd:Q21503252,2017-07-05T15:49:09Z,Dhx1,2017-07-13T04:56:52Z,KrBot
wds:P36-2e0bece7-4b18-609a-f9dc-cd3f480e3cfc,ps:P2302,wd:Q21503250,2017-07-05T15:49:09Z,Dhx1,2017-07-13T04:56:52Z,KrBot
wds:P36-2e0bece7-4b18-609a-f9dc-cd3f480e3cfc,wikibase:rank,wikibase:NormalRank,2017-07-05T15:49:09Z,Dhx1,2017-07-13T04:56:52Z,KrBot
wds:P36-2e0bece7-4b18-609a-f9dc-cd3f480e3cfc,pq:P2316,wd:Q21502408,2017-07-05T15:49:09Z,Dhx1,2017-07-13T04:56:52Z,KrBot
wds:P36-3DCE3955-2EA4-4BA7-9410-F85848F3DB5B,pq:P2308,wd:Q1964689,2019-01-08T15:44:21Z,Trade,2019-07-27T18:18:19Z,Trade
wds:P36-3DCE3955-2EA4-4BA7-9410-F85848F3DB5B,pq:P2309,wd:Q21503252,2017-07-13T04:57:08Z,KrBot,2024-01-24T09:08:38Z,StarTrekker
wds:P36-3DCE3955-2EA4-4BA7-9410-F85848F3DB5B,wikibase:rank,wikibase:NormalRank,2017-07-13T04:57:05Z,KrBot,,
wds:P36-3DCE3955-2EA4-4BA7-9410-F85848F3DB5B,ps:P2302,wd:Q21503250,2017-07-13T04:57:05Z,KrBot,,
wds:P36-3DCE3955-2EA4-4BA7-9410-F85848F3DB5B,pq:P2308,wd:Q56061,2017-07-13T04:57:06Z,KrBot,,
wds:P36-3DCE3955-2EA4-4BA7-9410-F85848F3DB5B,pq:P2308,wd:Q486972,2017-07-13T04:57:07Z,KrBot,,
wds:P36-3DCE3955-2EA4-4BA7-9410-F85848F3DB5B,pq:P2308,wd:Q23442,2018-07-02T09:59:54Z,Nvrandow,,
wds:P36-3DCE3955-2EA4-4BA7-9410-F85848F3DB5B,pq:P2308,wd:Q1145276,2019-07-27T18:18:19Z,Trade,,
wds:P36-3DCE3955-2EA4-4BA7-9410-F85848F3DB5B,pq:P2308,wd:Q3327870,2020-04-13T13:31:51Z,Bouzinac,,
wds:P36-3DCE3955-2EA4-4BA7-9410-F85848F3DB5B,pq:P2308,wd:Q82794,2020-08-23T14:21:15Z,Romaine,,
wds:P36-3DCE3955-2EA4-4BA7-9410-F85848F3DB5B,pq:P2308,wd:Q1414991,2020-08-23T14:21:15Z,Romaine,,
wds:P36-3DCE3955-2EA4-4BA7-9410-F85848F3DB5B,pq:P2308,wd:Q2775969,2021-04-05T18:54:21Z,Mith,,
wds:P36-3DCE3955-2EA4-4BA7-9410-F85848F3DB5B,pq:P2308,wd:Q57663042,2021-08-15T04:27:15Z,Jul-Ar,,
wds:P36-3DCE3955-2EA4-4BA7-9410-F85848F3DB5B,pq:P2308,wd:Q20750954,2021-09-03T14:09:10Z,Fantastoria,,
wds:P36-3DCE3955-2EA4-4BA7-9410-F85848F3DB5B,pq:P2308,wd:Q64034456,2022-10-16T13:28:20Z,Well very well,,
wds:P36-3DCE3955-2EA4-4BA7-9410-F85848F3DB5B,pq:P2308,wd:Q1907114,2023-08-15T21:12:45Z,Eranistis1908,,
wds:P36-3DCE3955-2EA4-4BA7-9410-F85848F3DB5B,pq:P2308,wd:Q3024240,2024-01-24T09:08:32Z,StarTrekker,,
wds:P36-3DCE3955-2EA4-4BA7-9410-F85848F3DB5B,pq:P2309,wd:Q30208840,2024-01-24T09:08:38Z,StarTrekker,,
wds:P36-3DCE3955-2EA4-4BA7-9410-F85848F3DB5B,pq:P2308,wd:Q6266,2024-01-24T09:11:26Z,StarTrekker,,
